No,지역,지역.1,지역.2,2021년 5월,2021년 6월,2021년 7월,2021년 8월,2021년 9월,2021년 10월,2021년 11월,2021년 12월,2022년 1월,2022년 2월,2022년 3월,2022년 4월,2022년 5월,2022년 6월,2022년 7월,2022년 8월,2022년 9월,2022년 10월,2022년 11월,2022년 12월,2023년 1월,2023년 2월,2023년 3월,2023년 4월,2023년 5월,2023년 6월,2023년 7월,2023년 8월,2023년 9월,2023년 10월,2023년 11월,2023년 12월,2024년 1월,2024년 2월,2024년 3월,2024년 4월,2024년 5월,2024년 6월,2024년 7월,2024년 8월,2024년 9월,2024년 10월,2024년 11월,2024년 12월,2025년 1월,2025년 2월,2025년 3월,2025년 4월,2025년 5월,2025년 6월,2025년 7월,2025년 8월,2025년 9월,2025년 10월,2025년 11월,2025년 12월,2026년 1월,2026년 2월,2026년 3월
No,지역,지역,지역,지수,지수,지수,지수,지수,지수,지수,지수,지수,지수,지수,지수,지수,지수,지수,지수,지수,지수,지수,지수,지수,지수,지수,지수,지수,지수,지수,지수,지수,지수,지수,지수,지수,지수,지수,지수,지수,지수,지수,지수,지수,지수,지수,지수,지수,지수,지수,지수,지수,지수,지수,지수,지수,지수,지수,지수,지수,지수,지수
1,경기,경기,경기,88.979,89.301,89.631,89.972,90.314,90.642,90.963,91.273,91.563,91.848,92.147,92.456,92.779,93.093,93.391,93.676,93.903,94.030,94.102,94.112,94.097,94.095,94.122,94.157,94.212,94.276,94.344,94.482,94.612,94.770,94.948,95.131,95.304,95.490,95.691,95.899,96.117,96.331,96.547,96.757,96.961,97.166,97.360,97.553,97.729,97.913,98.108,98.307,98.491,98.691,98.886,99.067,99.259,99.445,99.627,99.818,100.000,100.178,100.364
2,경기,시지역,시지역,88.828,89.151,89.484,89.828,90.173,90.505,90.829,91.142,91.434,91.721,92.024,92.335,92.661,92.977,93.277,93.564,93.793,93.921,93.992,94.001,93.987,93.984,94.012,94.049,94.105,94.170,94.240,94.382,94.514,94.677,94.858,95.045,95.222,95.412,95.618,95.828,96.051,96.268,96.488,96.701,96.910,97.118,97.316,97.512,97.691,97.878,98.076,98.278,98.466,98.668,98.867,99.051,99.246,99.436,99.621,99.815,100.000,100.181,100.370
3,경기,군지역,군지역,94.427,94.676,94.919,95.153,95.374,95.587,95.787,95.996,96.199,96.404,96.618,96.843,97.062,97.278,97.486,97.690,97.878,98.011,98.099,98.127,98.114,98.099,98.099,98.105,98.115,98.124,98.125,98.135,98.145,98.167,98.197,98.237,98.265,98.314,98.371,98.467,98.538,98.614,98.697,98.779,98.848,98.917,98.989,99.064,99.121,99.188,99.270,99.357,99.428,99.510,99.587,99.656,99.729,99.796,99.857,99.933,100.000,100.069,100.146
4,경기,수원시,수원시,89.270,89.581,89.909,90.248,90.605,90.966,91.288,91.575,91.826,92.114,92.401,92.697,93.006,93.295,93.577,93.841,94.052,94.141,94.184,94.198,94.181,94.173,94.180,94.188,94.209,94.252,94.316,94.469,94.643,94.835,95.040,95.234,95.451,95.659,95.865,96.064,96.272,96.467,96.669,96.868,97.067,97.263,97.458,97.652,97.834,98.014,98.201,98.382,98.556,98.744,98.933,99.095,99.269,99.458,99.623,99.813,100.000,100.191,100.390
5,경기,수원시,장안구,89.762,90.028,90.286,90.584,90.894,91.230,91.542,91.912,92.192,92.472,92.760,93.111,93.445,93.775,94.102,94.400,94.620,94.636,94.624,94.595,94.577,94.586,94.592,94.601,94.622,94.654,94.685,94.803,94.934,95.042,95.214,95.358,95.538,95.751,95.983,96.170,96.364,96.549,96.745,96.947,97.147,97.322,97.506,97.687,97.854,98.037,98.232,98.439,98.626,98.821,99.007,99.183,99.357,99.526,99.680,99.847,100.000,100.170,100.349
6,경기,수원시,권선구,88.562,88.892,89.218,89.569,89.916,90.271,90.625,90.958,91.219,91.496,91.796,92.090,92.404,92.726,93.048,93.344,93.604,93.722,93.775,93.806,93.818,93.819,93.832,93.844,93.877,93.926,94.003,94.201,94.403,94.619,94.838,95.061,95.337,95.538,95.733,95.930,96.129,96.335,96.542,96.744,96.942,97.149,97.356,97.566,97.766,97.946,98.132,98.286,98.437,98.617,98.817,98.983,99.162,99.363,99.564,99.779,100.000,100.209,100.420
7,경기,수원시,팔달구,89.045,89.371,89.699,90.104,90.536,90.983,91.357,91.614,91.905,92.178,92.457,92.770,93.089,93.399,93.700,93.990,94.242,94.343,94.334,94.323,94.302,94.273,94.273,94.283,94.304,94.332,94.373,94.469,94.604,94.827,95.046,95.269,95.463,95.658,95.848,96.055,96.279,96.497,96.723,96.929,97.123,97.349,97.549,97.764,97.969,98.178,98.391,98.578,98.736,98.900,99.072,99.238,99.400,99.580,99.712,99.858,100.000,100.175,100.348
8,경기,수원시,영통구,89.868,90.178,90.537,90.846,91.191,91.525,91.797,92.016,92.229,92.533,92.806,93.072,93.355,93.582,93.794,94.002,94.145,94.228,94.305,94.335,94.281,94.262,94.259,94.253,94.253,94.300,94.377,94.548,94.744,94.927,95.115,95.305,95.503,95.723,95.923,96.115,96.310,96.501,96.693,96.883,97.089,97.267,97.455,97.628,97.792,97.954,98.121,98.312,98.512,98.721,98.914,99.073,99.257,99.457,99.609,99.810,100.000,100.188,100.398
9,경기,성남시,성남시,86.679,87.018,87.362,87.714,88.088,88.470,88.807,89.154,89.461,89.739,90.047,90.344,90.734,91.095,91.425,91.763,91.977,92.089,92.161,92.124,92.037,92.017,92.038,92.075,92.189,92.289,92.417,92.599,92.780,92.964,93.175,93.396,93.599,93.855,94.156,94.473,94.806,95.136,95.468,95.767,96.057,96.310,96.544,96.732,96.905,97.107,97.308,97.527,97.760,98.058,98.338,98.580,98.890,99.201,99.468,99.727,100.000,100.283,100.550
10,경기,성남시,수정구,82.796,83.254,83.709,84.227,84.775,85.350,85.804,86.252,86.653,87.035,87.430,87.811,88.193,88.572,88.915,89.228,89.433,89.463,89.465,89.356,89.336,89.431,89.528,89.645,89.882,90.080,90.355,90.726,91.108,91.486,91.834,92.163,92.531,92.973,93.422,93.892,94.383,94.838,95.314,95.737,96.166,96.434,96.579,96.692,96.857,97.033,97.236,97.456,97.687,97.983,98.231,98.397,98.757,99.124,99.393,99.711,100.000,100.368,100.651
11,경기,성남시,중원구,88.733,89.129,89.555,89.938,90.356,90.745,91.123,91.557,91.913,92.266,92.629,93.018,93.416,93.802,94.180,94.538,94.730,94.685,94.584,94.414,94.224,94.072,94.059,94.123,94.165,94.201,94.243,94.337,94.440,94.581,94.721,94.869,95.022,95.212,95.412,95.626,95.821,96.033,96.286,96.525,96.745,96.994,97.205,97.395,97.563,97.745,97.940,98.121,98.280,98.510,98.730,98.909,99.159,99.446,99.635,99.819,100.000,100.195,100.390
12,경기,성남시,분당구,87.735,88.014,88.293,88.572,88.867,89.170,89.452,89.740,90.000,90.219,90.480,90.725,91.115,91.461,91.776,92.121,92.345,92.521,92.659,92.676,92.583,92.545,92.543,92.542,92.625,92.702,92.792,92.920,93.041,93.159,93.334,93.531,93.682,93.881,94.149,94.433,94.736,95.046,95.342,95.607,95.859,96.105,96.380,96.596,96.774,96.992,97.195,97.421,97.673,97.988,98.294,98.580,98.885,99.178,99.461,99.714,100.000,100.269,100.546
13,경기,의정부시,의정부시,92.686,93.024,93.370,93.701,94.001,94.273,94.537,94.790,95.022,95.226,95.458,95.707,95.958,96.206,96.446,96.663,96.855,96.926,96.859,96.794,96.747,96.698,96.690,96.667,96.642,96.630,96.619,96.631,96.680,96.750,96.818,96.936,97.004,97.119,97.257,97.436,97.585,97.753,97.929,98.047,98.167,98.305,98.447,98.606,98.705,98.844,98.947,99.068,99.170,99.271,99.371,99.470,99.599,99.691,99.793,99.914,100.000,100.118,100.232
14,경기,안양시,안양시,87.714,88.160,88.628,89.086,89.507,89.920,90.288,90.683,91.060,91.453,91.832,92.228,92.613,92.983,93.315,93.621,93.828,93.956,93.938,93.912,93.867,93.801,93.781,93.767,93.766,93.773,93.779,93.909,94.043,94.258,94.485,94.711,94.941,95.180,95.412,95.624,95.825,96.028,96.239,96.435,96.619,96.810,97.000,97.206,97.395,97.578,97.776,97.982,98.191,98.403,98.627,98.847,99.067,99.288,99.512,99.757,100.000,100.238,100.471
15,경기,안양시,만안구,88.973,89.292,89.638,90.018,90.371,90.712,91.035,91.375,91.684,92.006,92.303,92.634,92.971,93.316,93.636,93.933,94.127,94.246,94.289,94.316,94.303,94.293,94.284,94.280,94.278,94.280,94.283,94.380,94.476,94.662,94.884,95.114,95.336,95.576,95.837,96.022,96.222,96.407,96.611,96.796,96.972,97.156,97.340,97.536,97.717,97.892,98.078,98.267,98.459,98.647,98.830,99.012,99.200,99.396,99.600,99.805,100.000,100.196,100.394
16,경기,안양시,동안구,87.023,87.540,88.076,88.575,89.034,89.487,89.880,90.305,90.718,91.151,91.576,92.008,92.419,92.802,93.141,93.452,93.666,93.798,93.748,93.692,93.630,93.533,93.505,93.487,93.489,93.499,93.507,93.656,93.810,94.039,94.269,94.492,94.727,94.967,95.184,95.411,95.612,95.826,96.041,96.243,96.429,96.625,96.817,97.029,97.222,97.408,97.614,97.829,98.046,98.272,98.518,98.757,98.995,99.230,99.464,99.731,100.000,100.261,100.513
17,경기,부천시,부천시,88.641,88.942,89.293,89.621,89.959,90.280,90.627,90.983,91.347,91.719,92.096,92.482,92.884,93.255,93.610,93.927,94.145,94.272,94.351,94.377,94.375,94.374,94.379,94.384,94.398,94.417,94.440,94.603,94.741,94.970,95.207,95.434,95.503,95.677,95.852,96.022,96.199,96.366,96.524,96.685,96.849,97.015,97.181,97.346,97.519,97.691,97.878,98.074,98.266,98.457,98.666,98.871,99.105,99.335,99.570,99.794,100.000,100.193,100.389
18,경기,부천시,원미구,,,,,,,,,,,,,,,,,,,,,,,,,,,,,,,,95.546,95.557,95.731,95.900,96.068,96.237,96.401,96.556,96.713,96.868,97.026,97.183,97.343,97.503,97.669,97.854,98.045,98.238,98.433,98.644,98.848,99.092,99.330,99.571,99.794,100.000,100.193,100.387
19,경기,부천시,소사구,,,,,,,,,,,,,,,,,,,,,,,,,,,,,,,,95.610,95.789,95.938,96.094,96.242,96.393,96.540,96.680,96.819,96.966,97.117,97.264,97.410,97.595,97.754,97.936,98.126,98.310,98.488,98.705,98.915,99.134,99.355,99.584,99.802,100.000,100.191,100.382
20,경기,부천시,오정구,,,,,,,,,,,,,,,,,,,,,,,,,,,,,,,,94.992,95.099,95.294,95.491,95.680,95.898,96.093,96.276,96.466,96.669,96.868,97.073,97.270,97.471,97.675,97.871,98.076,98.270,98.465,98.668,98.873,99.098,99.322,99.553,99.785,100.000,100.198,100.401
21,경기,부천시,(구)원미구,,,,,,,,,,,,,,,,,,,,,,,,,,,,,,,,,,,,,,,,,,,,,,,,,,,,,,,,,,,
22,경기,부천시,(구)소사구,,,,,,,,,,,,,,,,,,,,,,,,,,,,,,,,,,,,,,,,,,,,,,,,,,,,,,,,,,,
23,경기,부천시,(구)오정구,,,,,,,,,,,,,,,,,,,,,,,,,,,,,,,,,,,,,,,,,,,,,,,,,,,,,,,,,,,
24,경기,광명시,광명시,86.696,87.088,87.519,87.937,88.342,88.763,89.155,89.553,89.950,90.342,90.748,91.159,91.569,91.977,92.341,92.656,92.885,93.020,93.104,93.161,93.167,93.180,93.190,93.214,93.229,93.251,93.269,93.364,93.502,93.731,93.921,94.093,94.256,94.397,94.567,94.757,94.938,95.158,95.380,95.613,95.832,96.061,96.338,96.659,96.917,97.156,97.405,97.660,97.914,98.184,98.445,98.727,98.986,99.238,99.487,99.750,100.000,100.245,100.494
25,경기,평택시,평택시,90.716,91.000,91.286,91.535,91.841,92.127,92.336,92.570,92.793,93.029,93.310,93.592,93.889,94.181,94.468,94.733,95.001,95.119,95.185,95.189,95.154,95.148,95.138,95.162,95.197,95.288,95.377,95.577,95.758,95.942,96.136,96.339,96.630,96.891,97.155,97.428,97.707,97.945,98.160,98.369,98.543,98.705,98.853,99.005,99.144,99.295,99.447,99.568,99.670,99.762,99.830,99.867,99.862,99.856,99.891,99.947,100.000,100.046,100.121
26,경기,동두천시,동두천시,95.263,95.457,95.653,95.905,96.154,96.416,96.667,96.901,97.095,97.289,97.503,97.731,97.979,98.220,98.468,98.674,98.814,98.872,98.861,98.837,98.817,98.792,98.784,98.780,98.777,98.770,98.767,98.778,98.788,98.799,98.809,98.818,98.828,98.843,98.873,98.878,98.900,98.926,98.971,99.029,99.140,99.245,99.290,99.343,99.379,99.419,99.468,99.541,99.584,99.625,99.685,99.734,99.793,99.846,99.896,99.948,100.000,100.053,100.094
27,경기,안산시,안산시,89.979,90.280,90.584,90.886,91.175,91.478,91.785,92.078,92.361,92.633,92.922,93.227,93.510,93.782,94.046,94.310,94.521,94.635,94.705,94.694,94.675,94.659,94.657,94.647,94.642,94.637,94.653,94.699,94.747,94.859,94.997,95.146,95.302,95.450,95.623,95.809,95.996,96.189,96.378,96.604,96.832,97.027,97.199,97.352,97.511,97.700,97.921,98.151,98.377,98.594,98.811,99.020,99.226,99.421,99.613,99.811,100.000,100.193,100.380
28,경기,안산시,상록구,90.010,90.282,90.556,90.835,91.109,91.393,91.672,91.964,92.241,92.522,92.797,93.083,93.382,93.658,93.932,94.207,94.415,94.524,94.596,94.606,94.590,94.585,94.583,94.578,94.574,94.581,94.595,94.641,94.704,94.806,94.982,95.141,95.312,95.487,95.663,95.843,96.028,96.212,96.396,96.605,96.813,97.020,97.208,97.392,97.570,97.746,97.950,98.166,98.388,98.600,98.811,99.020,99.227,99.422,99.615,99.810,100.000,100.194,100.383
29,경기,안산시,단원구,89.923,90.235,90.553,90.864,91.159,91.474,91.793,92.087,92.373,92.642,92.939,93.254,93.532,93.802,94.066,94.325,94.539,94.661,94.732,94.706,94.687,94.670,94.669,94.660,94.655,94.651,94.671,94.720,94.762,94.878,94.985,95.127,95.279,95.415,95.590,95.782,95.972,96.173,96.368,96.601,96.843,97.034,97.199,97.336,97.484,97.680,97.909,98.144,98.371,98.592,98.811,99.021,99.226,99.420,99.612,99.812,100.000,100.192,100.379
30,경기,고양시,고양시,91.010,91.309,91.631,91.962,92.267,92.556,92.844,93.133,93.407,93.679,93.959,94.251,94.560,94.857,95.144,95.437,95.665,95.797,95.846,95.761,95.715,95.704,95.700,95.711,95.728,95.761,95.797,95.844,95.888,95.939,96.051,96.164,96.265,96.411,96.587,96.748,96.905,97.084,97.257,97.436,97.619,97.774,97.924,98.056,98.163,98.297,98.446,98.614,98.757,98.904,99.052,99.193,99.351,99.516,99.678,99.852,100.000,100.151,100.304
31,경기,고양시,덕양구,88.947,89.311,89.676,90.061,90.428,90.788,91.152,91.519,91.871,92.219,92.550,92.884,93.231,93.568,93.889,94.216,94.466,94.571,94.642,94.552,94.506,94.483,94.480,94.487,94.502,94.542,94.592,94.659,94.717,94.760,94.890,95.031,95.148,95.329,95.552,95.743,95.934,96.151,96.348,96.576,96.824,97.027,97.238,97.421,97.570,97.765,97.961,98.183,98.372,98.565,98.759,98.942,99.156,99.369,99.587,99.814,100.000,100.190,100.380
32,경기,고양시,일산동구,92.628,92.862,93.169,93.476,93.756,93.981,94.200,94.439,94.659,94.865,95.096,95.337,95.593,95.843,96.092,96.349,96.561,96.729,96.767,96.749,96.744,96.747,96.757,96.771,96.786,96.805,96.813,96.822,96.852,96.920,97.024,97.116,97.211,97.327,97.466,97.594,97.725,97.871,98.025,98.165,98.293,98.406,98.508,98.602,98.681,98.771,98.879,99.002,99.102,99.194,99.298,99.398,99.509,99.628,99.751,99.885,100.000,100.117,100.240
33,경기,고양시,일산서구,92.999,93.260,93.517,93.785,94.006,94.239,94.477,94.686,94.881,95.092,95.340,95.618,95.919,96.199,96.473,96.744,96.950,97.093,97.110,96.955,96.861,96.856,96.834,96.852,96.877,96.915,96.957,97.008,97.046,97.088,97.177,97.258,97.335,97.449,97.576,97.715,97.840,97.979,98.128,98.259,98.383,98.491,98.581,98.660,98.718,98.788,98.889,99.005,99.110,99.228,99.335,99.440,99.544,99.671,99.769,99.887,100.000,100.118,100.232
34,경기,과천시,과천시,85.765,86.384,86.936,87.424,87.790,88.166,88.596,89.013,89.407,89.735,90.092,90.441,90.794,91.138,91.443,91.743,91.934,92.028,92.053,92.009,91.927,91.826,91.743,91.733,91.740,91.748,91.771,91.922,92.060,92.291,92.535,92.788,92.998,93.191,93.406,93.613,93.862,94.105,94.354,94.639,94.909,95.223,95.509,95.778,96.021,96.262,96.519,96.811,97.102,97.461,97.855,98.229,98.591,98.966,99.328,99.670,100.000,100.310,100.657
35,경기,구리시,구리시,88.922,89.193,89.555,89.895,90.273,90.661,91.040,91.420,91.753,92.084,92.478,92.851,93.250,93.660,94.028,94.346,94.574,94.656,94.586,94.535,94.499,94.484,94.488,94.480,94.483,94.489,94.492,94.503,94.513,94.564,94.781,95.007,95.094,95.211,95.330,95.484,95.656,95.823,96.043,96.539,96.828,97.096,97.287,97.516,97.712,97.904,98.098,98.305,98.474,98.631,98.800,98.962,99.132,99.303,99.517,99.792,100.000,100.208,100.437
36,경기,남양주시,남양주시,88.622,88.978,89.357,89.786,90.286,90.728,91.156,91.600,91.979,92.367,92.737,93.114,93.498,93.875,94.215,94.511,94.700,94.855,94.943,95.014,95.016,94.992,95.004,95.028,95.051,95.085,95.123,95.182,95.274,95.381,95.568,95.758,95.900,96.046,96.183,96.341,96.493,96.669,96.888,97.091,97.260,97.427,97.576,97.732,97.923,98.082,98.259,98.421,98.576,98.757,98.944,99.122,99.303,99.478,99.647,99.818,100.000,100.190,100.403
37,경기,오산시,오산시,89.057,89.358,89.680,89.960,90.275,90.578,90.866,91.169,91.424,91.652,91.954,92.204,92.483,92.772,93.024,93.273,93.489,93.607,93.723,93.748,93.746,93.747,93.749,93.775,93.838,93.910,93.987,94.140,94.290,94.459,94.641,94.913,95.188,95.428,95.660,95.895,96.137,96.375,96.609,96.824,97.046,97.251,97.468,97.674,97.886,98.103,98.333,98.570,98.803,99.018,99.254,99.386,99.534,99.650,99.777,99.883,100.000,100.112,100.215
38,경기,시흥시,시흥시,86.592,87.109,87.703,88.240,88.775,89.339,89.813,90.270,90.718,91.064,91.446,91.815,92.174,92.538,92.883,93.207,93.443,93.578,93.664,93.698,93.741,93.751,93.774,93.797,93.825,93.851,93.872,93.969,94.046,94.194,94.352,94.521,94.666,94.826,94.984,95.152,95.391,95.607,95.811,96.072,96.323,96.582,96.809,97.103,97.343,97.571,97.816,98.060,98.266,98.493,98.724,98.956,99.174,99.387,99.596,99.801,100.000,100.195,100.404
39,경기,군포시,군포시,89.338,89.636,89.963,90.327,90.696,91.047,91.403,91.746,92.069,92.383,92.681,92.992,93.276,93.577,93.869,94.155,94.347,94.471,94.550,94.581,94.575,94.579,94.563,94.552,94.545,94.548,94.550,94.657,94.766,94.975,95.193,95.374,95.531,95.691,95.848,95.998,96.187,96.367,96.552,96.733,96.909,97.102,97.288,97.480,97.664,97.847,98.039,98.232,98.438,98.649,98.842,99.032,99.219,99.404,99.587,99.799,100.000,100.198,100.395
40,경기,의왕시,의왕시,88.292,88.673,89.041,89.489,89.942,90.348,90.685,90.991,91.292,91.560,91.851,92.112,92.407,92.710,93.002,93.283,93.480,93.604,93.676,93.694,93.675,93.653,93.643,93.631,93.633,93.639,93.646,93.748,93.843,94.004,94.163,94.315,94.466,94.621,94.786,94.976,95.154,95.343,95.535,95.733,95.919,96.306,96.696,97.007,97.249,97.471,97.676,97.886,98.102,98.323,98.530,98.747,98.985,99.235,99.479,99.742,100.000,100.260,100.529
41,경기,하남시,하남시,85.006,85.495,85.969,86.534,87.120,87.548,88.008,88.386,88.757,89.179,89.577,89.986,90.417,90.834,91.213,91.585,91.917,92.014,92.096,92.125,92.143,92.190,92.250,92.332,92.388,92.474,92.566,92.723,92.926,93.143,93.337,93.542,93.753,93.947,94.156,94.390,94.647,94.865,95.107,95.384,95.671,95.947,96.182,96.434,96.656,96.919,97.169,97.434,97.671,97.909,98.191,98.450,98.757,99.089,99.411,99.702,100.000,100.271,100.573
42,경기,용인시,용인시,84.803,85.100,85.389,85.721,86.060,86.380,86.709,87.024,87.318,87.594,87.885,88.195,88.507,88.809,89.095,89.361,89.598,89.743,89.859,89.941,89.990,90.063,90.339,90.596,90.884,91.190,91.475,91.947,92.257,92.613,92.945,93.265,93.582,93.839,94.128,94.430,94.757,95.051,95.359,95.663,95.945,96.241,96.490,96.808,97.091,97.358,97.603,97.879,98.126,98.389,98.639,98.868,99.108,99.331,99.542,99.776,100.000,100.223,100.445
43,경기,용인시,처인구,80.624,80.899,81.154,81.360,81.570,81.809,82.059,82.280,82.497,82.718,82.971,83.211,83.465,83.705,83.945,84.192,84.418,84.522,84.623,84.698,84.762,84.830,85.431,85.966,86.516,87.075,87.599,88.490,88.943,89.390,89.872,90.339,90.870,91.325,91.777,92.195,92.626,93.063,93.463,93.879,94.294,94.701,95.104,95.637,96.108,96.498,96.845,97.217,97.570,97.903,98.260,98.591,98.902,99.184,99.446,99.727,100.000,100.293,100.592
44,경기,용인시,기흥구,86.539,86.882,87.215,87.634,88.061,88.417,88.788,89.140,89.525,89.856,90.204,90.593,90.960,91.307,91.642,91.923,92.157,92.327,92.435,92.528,92.597,92.665,92.736,92.804,92.904,93.083,93.242,93.509,93.774,94.144,94.399,94.645,94.847,94.940,95.132,95.377,95.669,95.887,96.181,96.464,96.681,96.957,97.125,97.318,97.499,97.705,97.888,98.143,98.340,98.588,98.782,98.949,99.158,99.362,99.552,99.790,100.000,100.186,100.360
45,경기,용인시,수지구,88.655,88.920,89.196,89.588,89.993,90.385,90.774,91.179,91.452,91.736,91.999,92.297,92.614,92.947,93.230,93.499,93.760,93.929,94.087,94.165,94.162,94.254,94.329,94.419,94.574,94.657,94.750,94.868,95.022,95.212,95.421,95.618,95.791,95.989,96.169,96.370,96.592,96.788,96.983,97.167,97.339,97.502,97.639,97.812,97.964,98.135,98.316,98.478,98.642,98.826,98.998,99.166,99.344,99.503,99.668,99.829,100.000,100.173,100.354
46,경기,파주시,파주시,92.494,92.704,92.936,93.211,93.427,93.644,93.858,94.054,94.266,94.474,94.707,94.932,95.212,95.478,95.733,96.017,96.254,96.396,96.446,96.364,96.301,96.279,96.274,96.276,96.312,96.347,96.399,96.459,96.510,96.562,96.631,96.708,96.777,96.908,97.060,97.219,97.348,97.478,97.613,97.726,97.842,97.961,98.056,98.174,98.268,98.396,98.560,98.720,98.854,99.002,99.143,99.281,99.436,99.586,99.717,99.864,100.000,100.141,100.298
47,경기,이천시,이천시,91.029,91.312,91.584,91.864,92.149,92.417,92.695,92.951,93.196,93.457,93.723,93.985,94.258,94.532,94.888,95.230,95.517,95.697,95.833,95.881,95.858,95.843,95.834,95.829,95.874,95.933,95.985,96.037,96.088,96.143,96.189,96.239,96.336,96.480,96.673,96.849,97.005,97.184,97.363,97.534,97.698,97.834,98.000,98.163,98.305,98.450,98.603,98.758,98.905,99.040,99.181,99.311,99.449,99.573,99.712,99.861,100.000,100.140,100.293
48,경기,안성시,안성시,91.534,91.774,92.048,92.288,92.520,92.754,93.006,93.266,93.521,93.756,93.985,94.239,94.495,94.774,95.042,95.317,95.556,95.710,95.811,95.862,95.886,95.900,95.924,95.952,95.987,96.017,96.087,96.212,96.338,96.530,96.712,96.895,97.085,97.271,97.458,97.637,97.824,98.003,98.157,98.303,98.437,98.571,98.700,98.836,98.968,99.111,99.251,99.348,99.426,99.520,99.614,99.685,99.778,99.850,99.938,100.010,100.000,100.069,100.179
49,경기,김포시,김포시,90.484,90.744,91.040,91.385,91.729,91.990,92.249,92.510,92.732,92.966,93.208,93.474,93.755,94.021,94.288,94.556,94.769,94.905,95.009,95.094,95.157,95.230,95.305,95.375,95.456,95.528,95.567,95.616,95.668,95.719,95.825,95.930,96.066,96.240,96.422,96.594,96.783,96.961,97.148,97.319,97.478,97.616,97.752,97.861,97.953,98.112,98.282,98.461,98.610,98.773,98.947,99.113,99.273,99.448,99.628,99.815,100.000,100.172,100.350
50,경기,화성시,화성시,88.409,88.692,88.945,89.215,89.465,89.712,89.981,90.238,90.478,90.719,90.975,91.266,91.556,91.851,92.121,92.371,92.609,92.751,92.847,92.855,92.853,92.850,92.850,92.859,92.895,92.932,92.999,93.138,93.297,93.474,93.665,93.922,94.145,94.407,94.648,94.878,95.166,95.455,95.734,95.947,96.217,96.489,96.782,97.026,97.273,97.512,97.783,98.029,98.269,98.525,98.757,98.994,99.201,99.395,99.593,99.798,100.000,100.169,100.333
51,경기,화성시,만세구,,,,,,,,,,,,,,,,,,,,,,,,,,,,,,,,,,,,,,,,,,,,,,,,,,,,,,,,,100.000,100.196,100.377
52,경기,화성시,효행구,,,,,,,,,,,,,,,,,,,,,,,,,,,,,,,,,,,,,,,,,,,,,,,,,,,,,,,,,100.000,100.140,100.291
53,경기,화성시,병점구,,,,,,,,,,,,,,,,,,,,,,,,,,,,,,,,,,,,,,,,,,,,,,,,,,,,,,,,,100.000,100.130,100.258
54,경기,화성시,동탄구,,,,,,,,,,,,,,,,,,,,,,,,,,,,,,,,,,,,,,,,,,,,,,,,,,,,,,,,,100.000,100.161,100.322
55,경기,광주시,광주시,89.412,89.732,90.082,90.443,90.795,91.140,91.510,91.878,92.221,92.538,92.873,93.227,93.579,93.925,94.271,94.594,94.868,95.001,95.067,95.102,95.066,95.001,94.932,94.924,94.962,95.001,95.039,95.107,95.220,95.332,95.498,95.612,95.736,95.837,96.030,96.243,96.485,96.697,96.902,97.101,97.267,97.437,97.610,97.779,97.939,98.103,98.283,98.487,98.665,98.858,99.029,99.182,99.387,99.516,99.660,99.850,100.000,100.129,100.299
56,경기,양주시,양주시,93.692,93.973,94.231,94.507,94.783,95.068,95.309,95.534,95.744,95.946,96.205,96.456,96.725,96.979,97.227,97.446,97.639,97.735,97.770,97.805,97.800,97.797,97.796,97.794,97.790,97.789,97.790,97.806,97.816,97.849,97.947,98.033,98.068,98.123,98.198,98.287,98.336,98.382,98.467,98.512,98.560,98.634,98.678,98.740,98.787,98.866,99.003,99.155,99.243,99.351,99.446,99.524,99.615,99.703,99.808,99.901,100.000,100.071,100.153
57,경기,포천시,포천시,94.055,94.303,94.534,94.778,95.013,95.236,95.457,95.686,95.901,96.110,96.353,96.600,96.845,97.073,97.294,97.503,97.670,97.798,97.860,97.898,97.891,97.879,97.878,97.884,97.889,97.904,97.925,97.964,97.993,98.032,98.076,98.119,98.154,98.211,98.280,98.362,98.423,98.487,98.550,98.605,98.656,98.714,98.766,98.827,98.882,98.931,99.048,99.190,99.274,99.377,99.463,99.554,99.641,99.727,99.821,99.921,100.000,100.057,100.131
58,경기,여주시,여주시,92.502,92.761,93.015,93.260,93.534,93.812,94.097,94.353,94.606,94.870,95.144,95.425,95.696,95.949,96.204,96.465,96.730,96.911,97.047,97.088,97.060,97.039,97.022,97.008,97.011,97.020,97.027,97.044,97.063,97.081,97.105,97.125,97.154,97.252,97.411,97.537,97.695,97.859,98.004,98.120,98.223,98.373,98.494,98.594,98.683,98.790,98.927,99.072,99.178,99.292,99.409,99.486,99.595,99.684,99.796,99.911,100.000,100.106,100.213
59,경기,연천군,연천군,94.939,95.123,95.293,95.476,95.635,95.795,95.966,96.157,96.349,96.556,96.736,96.914,97.111,97.312,97.498,97.681,97.830,97.938,97.995,98.003,98.015,98.026,98.047,98.063,98.079,98.092,98.107,98.128,98.155,98.179,98.205,98.243,98.293,98.445,98.535,98.637,98.719,98.797,98.886,98.965,99.034,99.086,99.136,99.183,99.222,99.270,99.327,99.385,99.449,99.520,99.595,99.660,99.726,99.794,99.865,99.939,100.000,100.059,100.134
60,경기,가평군,가평군,94.026,94.267,94.515,94.759,94.976,95.166,95.336,95.522,95.703,95.899,96.132,96.370,96.564,96.746,96.930,97.101,97.262,97.366,97.389,97.406,97.410,97.419,97.452,97.495,97.518,97.550,97.572,97.614,97.648,97.702,97.773,97.868,97.919,98.012,98.081,98.211,98.310,98.423,98.550,98.642,98.725,98.808,98.913,99.014,99.075,99.147,99.253,99.363,99.443,99.524,99.600,99.668,99.741,99.802,99.866,99.936,100.000,100.058,100.118
61,경기,양평군,양평군,94.456,94.734,94.999,95.245,95.491,95.735,95.961,96.190,96.410,96.622,96.836,97.071,97.313,97.554,97.783,98.011,98.228,98.385,98.518,98.557,98.527,98.491,98.466,98.450,98.451,98.446,98.431,98.420,98.411,98.415,98.425,98.434,98.444,98.434,98.474,98.550,98.602,98.657,98.715,98.792,98.854,98.922,98.982,99.052,99.113,99.184,99.261,99.346,99.414,99.500,99.577,99.649,99.724,99.792,99.851,99.930,100.000,100.078,100.164
